{
	"credit": "Created by Stridey",
	"parent": "block/firefly_bush",
	"textures": {
		"particle": "#cross",
		"cross": "block/firefly_bush",
		"cross_emissive": "block/firefly_bush_emissive"
	},
	"elements": [
		{
			"from": [-3.2, 0, 7],
			"to": [11.2, 16, 7],
			"shade": false,
			"rotation": {"angle": 45, "axis": "y", "origin": [4, 8, 7], "rescale": true},
			"faces": {
				"north": {"uv": [0, 0, 16, 16], "texture": "#cross"},
				"south": {"uv": [0, 0, 16, 16], "texture": "#cross"}
			}
		},
		{
			"from": [4, 0, -0.2],
			"to": [4, 16, 14.2],
			"shade": false,
			"rotation": {"angle": 45, "axis": "y", "origin": [4, 8, 7], "rescale": true},
			"faces": {
				"east": {"uv": [0, 0, 16, 16], "texture": "#cross"},
				"west": {"uv": [0, 0, 16, 16], "texture": "#cross"}
			}
		},
		{
			"from": [-3.2, 0, 7],
			"to": [11.2, 16, 7],
			"shade": false,
			"light_emission": 15,
			"rotation": {"angle": 45, "axis": "y", "origin": [4, 8, 7], "rescale": true},
			"faces": {
				"north": {"uv": [0, 0, 16, 16], "texture": "#cross_emissive"},
				"south": {"uv": [0, 0, 16, 16], "texture": "#cross_emissive"}
			}
		},
		{
			"from": [4, 0, -0.2],
			"to": [4, 16, 14.2],
			"shade": false,
			"light_emission": 15,
			"rotation": {"angle": 45, "axis": "y", "origin": [4, 8, 7], "rescale": true},
			"faces": {
				"east": {"uv": [0, 0, 16, 16], "texture": "#cross_emissive"},
				"west": {"uv": [0, 0, 16, 16], "texture": "#cross_emissive"}
			}
		}
	]
}